{"theta0": 10162.592116148926, "theta1": -0.10012928960595098}