{"theta0": 8498.908132176355, "theta1": -0.021442121369329745}